Scenario,Average Travel Time,Average Waiting Time
0,353.10220439697275,0.0
1,355.6415622255744,2.8302176121217775
2,403.16643754055434,50.78752667025215
3,517.0245763436546,166.73607029998445
4,890.5197550166204,547.2694868825849
