Scenario,Average Travel Time,Average Waiting Time
0,251.898003909591,237.39780809843933
