Scenario,Average Travel Time,Average Waiting Time
0,14.0,0.0
1,251.474519675333,236.97687908301623
